LastName, FirstName, Gender, FavoriteColor, DateOfBirth
e5hVd3tdY8w4Sg368fq, jsu7or52f4qAd623, Female, gPRF, 01/16/2000
x2D00AY390KRu0UJtJJKeVd9e, mdnqrXTft4hN1Q78vo, Male, g20FbimlaT962, 10/17/1979
5JVN821PrjY51Ht2mPhc8vK, 453pQ2XOjxe3f39j308BlvEe, Male, VjU3MW01pYM4Byk1ssk53X4, 10/20/1982
2546DGkq69oNQ1a, KFn5C5dOu40dI, Female, AbwFD, 01/23/1987
kBrRa7M49, qyKtL5JhoYTyz1NzvHnZL2Sl8, Male, 5, 05/10/1997
EmYg, 77rI0JT5I3oKS8uQo, Female, 86, 08/08/1992
9qpV917L0958YJF4uw7Bp, y4dSc34qnWfwm8V, Male, m9X99QK0my65353M2JT2K242F23HE, 04/26/1987
z1g7sa8bKLg9b2l4DQOHo4, L2owqJr1FC4UjmFUiT3lYu4Ucshk1s, Male, gvvldJyoEpZ9, 02/02/1989
TW4Ml7Kr61qM0wAXvENQ8as7cE, 93, Female, 6xmzNg6G1GU97F8971Fuq5ZW7, 09/19/1987
eGEVORflz1Yrzh8vp0VL73AnP5Y0C, OVR55izgTY6p5xn2OKb2jW0thzy, Female, gflX8514cWr2dUK9rYL5VI24y9v, 12/19/1978
