LastName | FirstName | Gender | FavoriteColor | DateOfBirth
L94Hk4sYpqnx9Kw7 | IuW7ZICL6VaKKWz7Cx5dMrq5C | Female | gu3S89yyF727CYWpP15Yl8XM7 | 02/26/1990
qqov5gJgZkitEjDf4yxG0xcK | 2En5Za77o | Male | 91FE | 12/15/1979
h0P878KzSq68 | 9ovUe0Mw9Bj5bTIh8j | Male | 2Lb2VWVULxIV58 | 10/02/1991
vTOWamvLtBP1t19W | 1g4JrIcY73htahuoLq4NWth1oqHP | Male |  | 04/30/1992
b5vDZ09U1m7Be441MI | oCRo70o | Female | 9Y4pwqrZmoNTUfGT0bGyX1W | 07/27/2001
Y29e9ZI6 | 17wB8p7d2E4F3x9aNW9lrPgjcNn | Female | Gg6M6agF8DV5c1 | 08/05/1990
DXet4t | 7J1aeM7GeyY44vo85VJ | Male | 40ZS7aQIGT4W7R855gG4I5FfTw8O | 08/04/1973
5VEwCgvG8q36 |  | Female | CTkZI2K56b7Kkle2M97CAwlo | 05/10/1993
Jl57tsNe | 4A6vz5jr | Male | xspkwP8j2eE7CX56wfkyBVLt8K | 01/18/1980
Yw9rUw96Z0dOdKaGT8yjfkx0sDD5y | q5rYopmD1II6Sx7lT | Male | 675J1GW6417c5o84AJIbZm012y | 04/08/1982
M7eYJwt9f2G9uk7PuWP6C2c6L0Zr5 | 6H35INBL29THv0rfe63f6l0o | Female | O2 | 04/19/1988
KjLyin4IjS9XSXx462k | M | Male |  | 05/06/1977
Ck0UyFYvYeb6zo4W1xC6u6v4BHch | yDZ3har | Male | sv7s | 11/30/1980
8NQudzAnqUSY1Tevy1643 | m660ldLDYR5931 | Female | fP1Wiy585Isu1YySRYsA1M9E0 | 03/18/1981
7M94E3sJ2qwvDeiV6v7y0yMlef71u | 7N42NLFWY6747zNn | Male | tBvZ9em6b341RyZ79 | 03/16/1996
5WIMKJXFU2s | 5 | Male | Y0F89MXfyF0MGT1G782 | 04/14/1971
6GB5w2SstP711n8 | JDyJ | Female | h6Iirsae9IBW3g38gHvh6I8S9 | 08/16/1980
